Material ID,Formula
mp-1113486,RbNa2NiF6
mp-1111052,RbNa2GaF6
mp-1111029,RbNa2FeF6
mp-1114100,RbNa2CrF6
mp-1111053,RbNa2CoF6
mp-1113290,RbNa2AsF6
mp-1113899,RbNa2AlF6
mp-1114614,Rb2YTlI6
mp-1114373,Rb2YTlF6
mp-1114613,Rb2YTlCl6
mp-1114612,Rb2YTlBr6
mp-1114529,Rb2YInI6
mp-1114397,Rb2YInF6
mp-1114528,Rb2YInCl6
mp-1114527,Rb2YInBr6
mp-1114519,Rb2YHgI6
mp-1114679,Rb2YHgF6
mp-1114647,Rb2YHgCl6
mp-1114518,Rb2YHgBr6
mp-1112410,Rb2YCuI6
mp-1111481,Rb2YCuF6
mp-1113562,Rb2YCuCl6
mp-1112413,Rb2YCuBr6
mp-1113604,Rb2YAuI6
mp-1113446,Rb2YAuF6
mp-1113603,Rb2YAuCl6
mp-1113602,Rb2YAuBr6
mp-1113701,Rb2YAgI6
mp-1113877,Rb2YAgF6
mp-1113700,Rb2YAgCl6
mp-1113556,Rb2YAgBr6
mp-1114673,Rb2VHgF6
mp-1113883,Rb2VCuF6
mp-1113445,Rb2VAuF6
mp-1113555,Rb2VAgF6
mp-1112412,Rb2TmCuCl6
mp-1113580,Rb2TmAgCl6
mp-1114372,Rb2TlVF6
mp-1114610,Rb2TlSbI6
mp-1114484,Rb2TlSbF6
mp-1114609,Rb2TlSbCl6
mp-1114608,Rb2TlSbBr6
mp-1114483,Rb2TlRuF6
mp-1114482,Rb2TlRhF6
mp-1114481,Rb2TlPdF6
mp-1114516,Rb2TlNiF6
mp-1114480,Rb2TlMoF6
mp-1114479,Rb2TlIrF6
mp-1114396,Rb2TlInI6
mp-989532,Rb2TlInF6
mp-989550,Rb2TlInCl6
mp-1114395,Rb2TlInBr6
mp-1114517,Rb2TlHgI6
mp-1114678,Rb2TlHgF6
mp-1114646,Rb2TlHgCl6
mp-1114645,Rb2TlHgBr6
mp-1114476,Rb2TlGaI6
mp-989565,Rb2TlGaF6
mp-1114474,Rb2TlGaCl6
mp-1114606,Rb2TlGaBr6
mp-1114371,Rb2TlFeF6
mp-1113834,Rb2TlCuF6
mp-1111482,Rb2TlCuCl6
mp-1111484,Rb2TlCuBr6
mp-1114710,Rb2TlCrF6
mp-1114473,Rb2TlCoF6
mp-1114370,Rb2TlBiF6
mp-1114472,Rb2TlBiBr6
mp-1113642,Rb2TlAuI6
mp-1113277,Rb2TlAuF6
mp-1113341,Rb2TlAuCl6
mp-1113449,Rb2TlAuBr6
mp-1114605,Rb2TlAsI6
mp-1114681,Rb2TlAsF6
mp-1114470,Rb2TlAsCl6
mp-1114604,Rb2TlAsBr6
mp-1113699,Rb2TlAgI6
mp-1113579,Rb2TlAgF6
mp-1113339,Rb2TlAgCl6
mp-1113582,Rb2TlAgBr6
mp-1114685,Rb2TiTlF6
mp-1114344,Rb2TiHgF6
mp-1113455,Rb2TiAuF6
mp-1113581,Rb2TiAgF6
mp-1112416,Rb2TbCuCl6
mp-1113698,Rb2TbAgCl6
mp-1114485,Rb2TaTlF6
mp-1114384,Rb2TaHgF6
mp-1113561,Rb2TaCuI6
mp-1113344,Rb2TaCuBr6
mp-1111046,Rb2TaAuF6
mp-1113697,Rb2TaAgI6
mp-1113851,Rb2TaAgF6
mp-1113617,Rb2TaAgCl6
mp-1113439,Rb2TaAgBr6
mp-1112430,Rb2SmCuCl6
mp-1113616,Rb2SmAgCl6
mp-1114514,Rb2ScTlI6
mp-1114684,Rb2ScTlF6
mp-1114663,Rb2ScTlCl6
mp-1114611,Rb2ScTlBr6
mp-1114526,Rb2ScInI6
mp-1114394,Rb2ScInF6
mp-1114650,Rb2ScInCl6
mp-1114393,Rb2ScInBr6
mp-1113502,Rb2ScHgI6
mp-1111002,Rb2ScHgF6
mp-1113387,Rb2ScHgCl6
mp-1113386,Rb2ScHgBr6
mp-1113560,Rb2ScCuCl6
mp-1113639,Rb2ScAuI6
mp-1113454,Rb2ScAuF6
mp-1113638,Rb2ScAuCl6
mp-1113399,Rb2ScAuBr6
mp-1113626,Rb2ScAgI6
mp-1113625,Rb2ScAgF6
mp-1113338,Rb2ScAgCl6
mp-1113696,Rb2ScAgBr6
mp-1113637,Rb2SbAuI6
mp-1113457,Rb2SbAuF6
mp-1113456,Rb2SbAuCl6
mp-1113661,Rb2SbAuBr6
mp-1113465,Rb2RuAuF6
mp-1111047,Rb2RhAuF6
mp-1112437,Rb2PrCuI6
mp-1113382,Rb2PrCuCl6
mp-1113601,Rb2PrCuBr6
mp-1113721,Rb2PrAgI6
mp-1113681,Rb2PrAgF6
mp-1113680,Rb2PrAgCl6
mp-1113713,Rb2PrAgBr6
mp-1113467,Rb2PdAuF6
mp-1111033,Rb2NiAuF6
mp-1113275,Rb2NiAgF6
mp-1113600,Rb2NdCuI6
mp-1112436,Rb2NdCuCl6
mp-1112460,Rb2NdCuBr6
mp-1113720,Rb2NdAgI6
mp-1113716,Rb2NdAgF6
mp-1113719,Rb2NdAgCl6
mp-1113715,Rb2NdAgBr6
mp-1114683,Rb2NbTlF6
mp-1114080,Rb2NbHgF6
mp-1111031,Rb2NbCuF6
mp-1113479,Rb2NbAuF6
mp-1113730,Rb2NbAgF6
mp-1114603,Rb2NaYI6
mp-13926,Rb2NaYF6
mp-1114602,Rb2NaYCl6
mp-1114601,Rb2NaYBr6
mp-560671,Rb2NaVF6
mp-567498,Rb2NaTmCl6
mp-1114600,Rb2NaTlI6
mp-989548,Rb2NaTlF6
mp-989563,Rb2NaTlCl6
mp-1114462,Rb2NaTlBr6
mp-15626,Rb2NaTiF6
mp-1114460,Rb2NaTbCl6
mp-1114599,Rb2NaTaI6
mp-1114459,Rb2NaTaF6
mp-1114458,Rb2NaTaCl6
mp-1114598,Rb2NaTaBr6
mp-1114597,Rb2NaSmCl6
mp-1114457,Rb2NaScI6
mp-1114456,Rb2NaScF6
mp-1114671,Rb2NaScCl6
mp-1114662,Rb2NaScBr6
mp-1114596,Rb2NaSbI6
mp-989541,Rb2NaSbF6
mp-989545,Rb2NaSbCl6
mp-1114595,Rb2NaSbBr6
mp-1114708,Rb2NaRuF6
mp-14038,Rb2NaRhF6
mp-1114453,Rb2NaPrI6
mp-1114452,Rb2NaPrF6
mp-1114451,Rb2NaPrCl6
mp-1114594,Rb2NaPrBr6
mp-1114367,Rb2NaPdF6
mp-556353,Rb2NaNiF6
mp-1114449,Rb2NaNdI6
mp-1114366,Rb2NaNdF6
mp-1114593,Rb2NaNdCl6
mp-1114592,Rb2NaNdBr6
mp-1114448,Rb2NaNbF6
mp-1114447,Rb2NaMoI6
mp-560963,Rb2NaMoF6
mp-1114446,Rb2NaMoCl6
mp-1114445,Rb2NaMoBr6
mp-1114644,Rb2NaMnF6
mp-1114444,Rb2NaLuCl6
mp-1114443,Rb2NaLaCl6
mp-1114365,Rb2NaIrF6
mp-1114591,Rb2NaInI6
mp-989578,Rb2NaInF6
mp-989547,Rb2NaInCl6
mp-1114590,Rb2NaInBr6
mp-1114441,Rb2NaGdCl6
mp-989400,Rb2NaGaF6
mp-1114669,Rb2NaGaCl6
mp-1110631,Rb2NaGaBr6
mp-558078,Rb2NaFeF6
mp-1114589,Rb2NaEuCl6
mp-1114439,Rb2NaErCl6
mp-1114438,Rb2NaDyCl6
mp-560936,Rb2NaCrF6
mp-559563,Rb2NaCoF6
mp-1114513,Rb2NaCeI6
mp-1114437,Rb2NaCeF6
mp-1114588,Rb2NaCeCl6
mp-1114587,Rb2NaCeBr6
mp-1114586,Rb2NaBiI6
mp-560037,Rb2NaBiF6
mp-989520,Rb2NaBiCl6
mp-1114585,Rb2NaBiBr6
mp-1114363,Rb2NaAuF6
mp-1114661,Rb2NaAuBr6
mp-989523,Rb2NaAsF6
mp-1114362,Rb2NaAsCl6
mp-1114660,Rb2NaAsBr6
mp-1079583,Rb2NaAlF6
mp-1114433,Rb2NaAlCl6
mp-1113478,Rb2MoAuF6
mp-1114711,Rb2MnTlF6
mp-1113488,Rb2MnHgF6
mp-1113881,Rb2MnCuF6
mp-1113495,Rb2MnAuF6
mp-1113738,Rb2MnAgF6
mp-1111035,Rb2LuCuCl6
mp-1113737,Rb2LuAgCl6
mp-1114584,Rb2LiYI6
mp-1114432,Rb2LiYF6
mp-1114583,Rb2LiYCl6
mp-1114582,Rb2LiYBr6
mp-1114705,Rb2LiVF6
mp-1114667,Rb2LiTmCl6
mp-1114360,Rb2LiTlF6
mp-989579,Rb2LiTlCl6
mp-1114581,Rb2LiTlBr6
mp-1114704,Rb2LiTiF6
mp-1114431,Rb2LiTbCl6
mp-1114580,Rb2LiTaI6
mp-1114703,Rb2LiTaF6
mp-1114579,Rb2LiTaCl6
mp-1114430,Rb2LiTaBr6
mp-1114578,Rb2LiSmCl6
mp-1114702,Rb2LiScF6
mp-1114429,Rb2LiScCl6
mp-1114577,Rb2LiSbI6
mp-1114576,Rb2LiSbF6
mp-1114428,Rb2LiSbCl6
mp-1114575,Rb2LiSbBr6
mp-1114701,Rb2LiRuF6
mp-1114700,Rb2LiRhF6
mp-1114574,Rb2LiPrI6
mp-1114427,Rb2LiPrF6
mp-1114573,Rb2LiPrCl6
mp-1114572,Rb2LiPrBr6
mp-1114426,Rb2LiNiF6
mp-1114425,Rb2LiNdI6
mp-1114424,Rb2LiNdF6
mp-1114571,Rb2LiNdCl6
mp-1114570,Rb2LiNdBr6
mp-1110630,Rb2LiNbF6
mp-1114569,Rb2LiMoI6
mp-1114359,Rb2LiMoF6
mp-1114423,Rb2LiMoCl6
mp-1114422,Rb2LiMoBr6
mp-1114568,Rb2LiMnF6
mp-1114421,Rb2LiLuCl6
mp-1114567,Rb2LiLaCl6
mp-1114420,Rb2LiIrF6
mp-1114419,Rb2LiInF6
mp-989583,Rb2LiInCl6
mp-1114418,Rb2LiGdCl6
mp-1114642,Rb2LiGaF6
mp-1114508,Rb2LiEuCl6
mp-1114566,Rb2LiErCl6
mp-1114565,Rb2LiDyCl6
mp-1114699,Rb2LiCoF6
mp-1114564,Rb2LiCeI6
mp-1114358,Rb2LiCeF6
mp-1114417,Rb2LiCeCl6
mp-1114658,Rb2LiCeBr6
mp-1114563,Rb2LiBiI6
mp-1114416,Rb2LiBiF6
mp-1114562,Rb2LiBiCl6
mp-1114561,Rb2LiBiBr6
mp-1114415,Rb2LiAuF6
mp-1114698,Rb2LiAsF6
mp-1114697,Rb2LiAlF6
mp-1113750,Rb2LaAgCl6
mp-1111048,Rb2IrAuF6
mp-1114392,Rb2InSbI6
mp-1114391,Rb2InSbF6
mp-1114525,Rb2InSbCl6
mp-1114390,Rb2InSbBr6
mp-1113551,Rb2InHgI6
mp-1112225,Rb2InHgF6
mp-1113321,Rb2InHgCl6
mp-1113550,Rb2InHgBr6
mp-1114524,Rb2InGaI6
mp-989566,Rb2InGaF6
mp-1114389,Rb2InGaCl6
mp-1114649,Rb2InGaBr6
mp-1114084,Rb2InCuF6
mp-1113598,Rb2InCuCl6
mp-1113404,Rb2InCuBr6
mp-1114388,Rb2InBiF6
mp-1114523,Rb2InBiCl6
mp-1113659,Rb2InAuI6
mp-1113879,Rb2InAuF6
mp-1113497,Rb2InAuCl6
mp-1113658,Rb2InAuBr6
mp-1114522,Rb2InAsI6
mp-1114387,Rb2InAsF6
mp-1114648,Rb2InAsCl6
mp-1110632,Rb2InAsBr6
mp-1113727,Rb2InAgI6
mp-1114094,Rb2InAgF6
mp-1113761,Rb2InAgCl6
mp-1113438,Rb2InAgBr6
mp-1111041,Rb2HgSbI6
mp-1111947,Rb2HgSbF6
mp-1113385,Rb2HgSbCl6
mp-1113552,Rb2HgSbBr6
mp-1114136,Rb2HgRuF6
mp-1111016,Rb2HgRhF6
mp-1113884,Rb2HgPdF6
mp-1112226,Rb2HgMoF6
mp-1111032,Rb2HgIrF6
mp-1111040,Rb2HgBiI6
mp-1112409,Rb2HgBiF6
mp-1113548,Rb2HgBiCl6
mp-1113547,Rb2HgBiBr6
mp-1113476,Rb2HgAuF6
mp-1113546,Rb2HgAuBr6
mp-1113545,Rb2HgAsI6
mp-1112408,Rb2HgAsF6
mp-1113319,Rb2HgAsCl6
mp-1113564,Rb2HgAsBr6
mp-1111486,Rb2GdAgCl6
mp-1113549,Rb2GaHgI6
mp-1114081,Rb2GaHgF6
mp-1113320,Rb2GaHgCl6
mp-1113384,Rb2GaHgBr6
mp-1111036,Rb2GaCuF6
mp-1113657,Rb2GaAuI6
mp-1113501,Rb2GaAuF6
mp-1111038,Rb2GaAuCl6
mp-1113398,Rb2GaAuBr6
mp-1113726,Rb2GaAgI6
mp-1113760,Rb2GaAgF6
mp-1113785,Rb2GaAgCl6
mp-1113859,Rb2GaAgBr6
mp-1114083,Rb2FeHgF6
mp-1113878,Rb2FeAuF6
mp-1113297,Rb2EuCuCl6
mp-1113784,Rb2EuAgCl6
mp-1113288,Rb2ErCuCl6
mp-1113725,Rb2ErAgCl6
mp-1113403,Rb2DyCuCl6
mp-1113793,Rb2DyAgCl6
mp-1112429,Rb2CuSbI6
mp-1113559,Rb2CuSbCl6
mp-1113383,Rb2CuSbBr6
mp-1113882,Rb2CuRuF6
mp-1111483,Rb2CuPdF6
mp-1113474,Rb2CuNiF6
mp-1112459,Rb2CuMoI6
mp-1113298,Rb2CuMoCl6
mp-1113599,Rb2CuMoBr6
mp-1113596,Rb2CuBiI6
mp-1113342,Rb2CuBiCl6
mp-1113310,Rb2CuBiBr6
mp-1111034,Rb2CuAuF6
mp-1113309,Rb2CuAsF6
mp-1112407,Rb2CrHgF6
mp-1113528,Rb2CrAuF6
mp-1113792,Rb2CrAgF6
mp-1112406,Rb2CoHgF6
mp-1113527,Rb2CoAuF6
mp-1111049,Rb2CoAgF6
mp-1113307,Rb2CeCuF6
mp-1113306,Rb2CeCuCl6
mp-1113746,Rb2CeAgI6
mp-1113274,Rb2CeAgF6
mp-1113724,Rb2CeAgCl6
mp-1113799,Rb2CeAgBr6
mp-1113618,Rb2BiAuI6
mp-1113276,Rb2BiAuF6
mp-1113667,Rb2BiAuCl6
mp-1113666,Rb2BiAuBr6
mp-1113530,Rb2AsAuI6
mp-1113529,Rb2AsAuF6
mp-1113340,Rb2AsAuCl6
mp-1113532,Rb2AsAuBr6
mp-1114469,Rb2AlTlI6
mp-1114468,Rb2AlTlF6
mp-1114467,Rb2AlTlCl6
mp-1114466,Rb2AlTlBr6
mp-1114521,Rb2AlInI6
mp-1114386,Rb2AlInF6
mp-1114385,Rb2AlInCl6
mp-1114520,Rb2AlInBr6
mp-1112411,Rb2AlHgF6
mp-1113345,Rb2AlHgCl6
mp-1113563,Rb2AlHgBr6
mp-1113880,Rb2AlCuF6
mp-1113665,Rb2AlAuI6
mp-1113531,Rb2AlAuF6
mp-1113285,Rb2AlAuCl6
mp-1113664,Rb2AlAuBr6
mp-1113857,Rb2AlAgF6
mp-1113867,Rb2AlAgCl6
mp-1113743,Rb2AlAgBr6
mp-1113723,Rb2AgSbI6
mp-1113679,Rb2AgSbF6
mp-1113695,Rb2AgSbCl6
mp-1113722,Rb2AgSbBr6
mp-1113678,Rb2AgRuF6
mp-1113876,Rb2AgRhF6
mp-1113712,Rb2AgPdF6
mp-1113718,Rb2AgMoI6
mp-1113729,Rb2AgMoF6
mp-1113717,Rb2AgMoCl6
mp-1113728,Rb2AgMoBr6
mp-1113749,Rb2AgIrF6
mp-1113745,Rb2AgBiI6
mp-1113798,Rb2AgBiF6
mp-1113806,Rb2AgBiCl6
mp-1113805,Rb2AgBiBr6
mp-1113875,Rb2AgAuF6
mp-1113858,Rb2AgAuCl6
mp-1113744,Rb2AgAuBr6
mp-1111050,Rb2AgAsF6
mp-1113376,Rb2AgAsCl6
mp-1113437,Rb2AgAsBr6
mp-1111792,NaLi2VF6
mp-1111096,NaLi2TiF6
mp-1111546,NaLi2TaF6
mp-1111547,NaLi2RuF6
mp-1111095,NaLi2RhF6
mp-1111794,NaLi2NbF6
mp-1111098,NaLi2MoF6
mp-1111191,NaLi2MnF6
mp-1111548,NaLi2IrF6
mp-1111142,NaLi2GaF6
mp-1111815,NaLi2FeF6
mp-1111816,NaLi2CrF6
mp-1111550,NaLi2CoF6
mp-1111887,NaLi2AsF6
mp-1111553,NaLi2AlF6
mp-1111061,Na2YHgF6
mp-1110996,Na2YCuF6
mp-1113315,Na2YCuCl6
mp-1113435,Na2YCuBr6
mp-1111092,Na2YAgF6
mp-1114148,Na2VHgF6
mp-1111085,Na2VAuF6
mp-1111522,Na2VAgF6
mp-1111523,Na2TmAgCl6
mp-1113888,Na2TlVF6
mp-1111037,Na2TlNiF6
mp-1111023,Na2TlHgF6
mp-1113887,Na2TlGaF6
mp-1114130,Na2TlCuF6
mp-1110992,Na2TlCuCl6
mp-1110993,Na2TlCuBr6
mp-1113895,Na2TlCrF6
mp-1113894,Na2TlCoF6
mp-1113291,Na2TlAsF6
mp-1111749,Na2TlAgF6
mp-1114029,Na2TiHgF6
mp-1111699,Na2TiAuF6
mp-1111524,Na2TiAgF6
mp-1114048,Na2TaHgF6
mp-1111703,Na2TaAuF6
mp-1114165,Na2TaAgF6
mp-1111062,Na2ScHgF6
mp-1111065,Na2ScCuF6
mp-1113434,Na2ScCuCl6
mp-1111084,Na2ScAuF6
mp-1111758,Na2ScAgF6
mp-1111525,Na2ScAgCl6
mp-1111512,Na2SbAuF6
mp-1111087,Na2RuAuF6
mp-1111513,Na2RhAuF6
mp-1111747,Na2PdAuF6
mp-1112405,Na2NiHgF6
mp-1111091,Na2NbAgF6
mp-1111516,Na2MoAuF6
mp-1111030,Na2MnTlF6
mp-1114051,Na2MnHgF6
mp-1111517,Na2MnAuF6
mp-1111530,Na2MnAgF6
mp-1111531,Na2LuAgCl6
mp-1111028,Na2LiYF6
mp-1113742,Na2LiYCl6
mp-1114055,Na2LiYBr6
mp-1114341,Na2LiVF6
mp-1111027,Na2LiTlF6
mp-1113898,Na2LiTlCl6
mp-1113436,Na2LiTlBr6
mp-1113901,Na2LiTiF6
mp-1113900,Na2LiScF6
mp-1113903,Na2LiScCl6
mp-1113902,Na2LiSbF6
mp-1113317,Na2LiSbCl6
mp-1110634,Na2LiRuF6
mp-1114340,Na2LiRhF6
mp-1114339,Na2LiPdF6
mp-1114109,Na2LiNiF6
mp-1110637,Na2LiNbF6
mp-1114338,Na2LiMnF6
mp-1114337,Na2LiIrF6
mp-1113913,Na2LiInF6
mp-1113912,Na2LiInCl6
mp-1114336,Na2LiGaF6
mp-1114335,Na2LiCrF6
mp-1113838,Na2LiBiI6
mp-1113941,Na2LiBiF6
mp-1113837,Na2LiBiCl6
mp-1113940,Na2LiBiBr6
mp-1111054,Na2LiAuF6
mp-1111055,Na2LiAsF6
mp-1111056,Na2LiAlF6
mp-1111520,Na2IrAuF6
mp-1114054,Na2InHgF6
mp-1114053,Na2InHgBr6
mp-1113969,Na2InGaF6
mp-1111083,Na2InCuF6
mp-1111118,Na2InCuCl6
mp-1111503,Na2InCuBr6
mp-1113968,Na2InAsF6
mp-1111533,Na2InAgF6
mp-1111534,Na2InAgCl6
mp-1111184,Na2InAgBr6
mp-1113289,Na2HgSbF6
mp-1114047,Na2HgRhF6
mp-1114052,Na2HgPdF6
mp-1111063,Na2HgMoF6
mp-1114058,Na2HgAuF6
mp-1113836,Na2HgAsI6
mp-1114063,Na2HgAsF6
mp-1111068,Na2HgAsCl6
mp-1113835,Na2HgAsBr6
mp-1114057,Na2GaHgF6
mp-1114056,Na2GaHgCl6
mp-1111064,Na2GaHgBr6
mp-1111506,Na2GaCuF6
mp-1111521,Na2GaAuF6
mp-1111188,Na2GaAgI6
mp-1111535,Na2GaAgF6
mp-1111121,Na2GaAgCl6
mp-1111537,Na2GaAgBr6
mp-1114059,Na2FeHgF6
mp-1111789,Na2FeAgF6
mp-1111507,Na2EuCuCl6
mp-1111508,Na2ErCuCl6
mp-1112403,Na2CuSbF6
mp-1113314,Na2CuSbCl6
mp-1114079,Na2CuPdF6
mp-1111066,Na2CuMoF6
mp-1114157,Na2CuBiF6
mp-1111510,Na2CuBiCl6
mp-1111135,Na2CuBiBr6
mp-1114158,Na2CuAuF6
mp-1111511,Na2CuAuCl6
mp-1111698,Na2CuAsF6
mp-1112404,Na2CrHgF6
mp-1111086,Na2CrAuF6
mp-1111094,Na2CrAgF6
mp-1113475,Na2CoHgF6
mp-1111141,Na2CoAuF6
mp-1111539,Na2CoAgF6
mp-1111509,Na2CeCuCl6
mp-1111089,Na2AsAuF6
mp-1111051,Na2AlTlF6
mp-1114030,Na2AlInF6
mp-1114062,Na2AlHgF6
mp-1114067,Na2AlHgCl6
mp-1114066,Na2AlHgBr6
mp-1111082,Na2AlCuF6
mp-1111088,Na2AlAuF6
mp-1111544,Na2AlAgF6
mp-1111545,Na2AlAgCl6
mp-1111586,Na2AlAgBr6
mp-1111526,Na2AgSbF6
mp-1111538,Na2AgSbCl6
mp-1111527,Na2AgRuF6
mp-1111762,Na2AgRhF6
mp-1111528,Na2AgPdF6
mp-1111529,Na2AgMoF6
mp-1111763,Na2AgIrF6
mp-1111540,Na2AgAuF6
mp-1111541,Na2AgAuCl6
mp-1111187,Na2AgAuBr6
mp-1111093,Na2AgAsF6
mp-1111543,Na2AgAsCl6
mp-1111192,Na2AgAsBr6
mp-1111898,Li2ScCuF6
mp-1111262,Li2ScCuCl6
mp-1111146,Li2NiAgF6
mp-1111263,Li2MnCuF6
mp-1111902,Li2MnAgF6
mp-1111899,Li2GaCuF6
mp-1111554,Li2FeHgF6
mp-1111903,Li2FeAgF6
mp-1111097,Li2CuSbF6
mp-1111560,Li2CuNiF6
mp-1111143,Li2CuMoF6
mp-1111113,Li2CuIrF6
mp-1111901,Li2CuAuF6
mp-1111561,Li2CuAsF6
mp-1111900,Li2CrCuF6
mp-1111556,Li2CoHgF6
mp-1111099,Li2CoAgF6
mp-1111559,Li2AlHgF6
mp-1111683,Li2AlCuF6
mp-1111564,Li2AlAgF6
mp-1111562,Li2AgAsF6
mp-557411,KRb2VF6
mp-1114557,KRb2TmCl6
mp-1114556,KRb2TlI6
mp-1114355,KRb2TlF6
mp-1114555,KRb2TlCl6
mp-1114413,KRb2TlBr6
mp-6074,KRb2TiF6
mp-1114554,KRb2TbCl6
mp-1114550,KRb2SmCl6
mp-1110633,KRb2ScI6
mp-9349,KRb2ScF6
mp-1114410,KRb2ScCl6
mp-1114409,KRb2ScBr6
mp-1114696,KRb2RuF6
mp-14036,KRb2RhF6
mp-1114694,KRb2PdF6
mp-555464,KRb2NiF6
mp-1114543,KRb2NbF6
mp-1114350,KRb2MnF6
mp-1114541,KRb2LuCl6
mp-1114405,KRb2LaCl6
mp-1114404,KRb2IrF6
mp-1114511,KRb2InI6
mp-1078205,KRb2InF6
mp-989529,KRb2InCl6
mp-1114539,KRb2InBr6
mp-1114538,KRb2GdCl6
mp-1114382,KRb2GaI6
mp-13190,KRb2GaF6
mp-1114657,KRb2GaCl6
mp-1114656,KRb2GaBr6
mp-561067,KRb2FeF6
mp-1114342,KRb2EuCl6
mp-1114537,KRb2ErCl6
mp-1114536,KRb2DyCl6
mp-560071,KRb2CoF6
mp-1114399,KRb2AuF6
mp-1114530,KRb2AuBr6
mp-1114510,KRb2AsI6
mp-1114640,KRb2AsF6
mp-1114655,KRb2AsCl6
mp-1114654,KRb2AsBr6
mp-1114509,KRb2AlI6
mp-1114347,KRb2AlF6
mp-1114653,KRb2AlCl6
mp-1114652,KRb2AlBr6
mp-1113944,KNa2TiF6
mp-1113947,KNa2TaF6
mp-1111026,KNa2ScF6
mp-1113946,KNa2SbF6
mp-1111057,KNa2RuF6
mp-1111058,KNa2RhF6
mp-1111025,KNa2PdF6
mp-1111059,KNa2NbF6
mp-1113958,KNa2MoF6
mp-1111024,KNa2MnF6
mp-1113957,KNa2IrF6
mp-1113960,KNa2GaF6
mp-1113959,KNa2FeF6
mp-1114127,KNa2CrF6
mp-1113962,KNa2CoF6
mp-1113961,KNa2AsF6
mp-1111060,KNa2AlF6
mp-1111122,K2YTlF6
mp-1111194,K2YTlBr6
mp-1111119,K2YInF6
mp-1111679,K2YInCl6
mp-1112022,K2YHgI6
mp-1112192,K2YHgF6
mp-1112193,K2YHgCl6
mp-1112025,K2YHgBr6
mp-1112213,K2YCuI6
mp-1112158,K2YCuCl6
mp-1112034,K2YCuBr6
mp-1112056,K2YAuI6
mp-1112331,K2YAuF6
mp-1112059,K2YAuCl6
mp-1112058,K2YAuBr6
mp-1112076,K2YAgI6
mp-1112441,K2YAgF6
mp-1112075,K2YAgCl6
mp-1112079,K2YAgBr6
mp-1112011,K2VHgF6
mp-1112332,K2VAuF6
mp-1112442,K2VAgF6
mp-1112215,K2TmCuCl6
mp-1112061,K2TmAuCl6
mp-1112443,K2TmAgCl6
mp-1111565,K2TlVF6
mp-1111125,K2TlSbF6
mp-1111196,K2TlSbCl6
mp-1111195,K2TlSbBr6
mp-1111570,K2TlRuF6
mp-1111571,K2TlRhF6
mp-1111572,K2TlPdF6
mp-1111264,K2TlNiF6
mp-1111573,K2TlMoF6
mp-1111575,K2TlIrF6
mp-1111269,K2TlInI6
mp-1111576,K2TlInF6
mp-1111577,K2TlInCl6
mp-1111578,K2TlInBr6
mp-1112024,K2TlHgI6
mp-1111956,K2TlHgF6
mp-1112027,K2TlHgCl6
mp-1112026,K2TlHgBr6
mp-1111197,K2TlGaI6
mp-1111579,K2TlGaF6
mp-1111581,K2TlGaCl6
mp-1111137,K2TlGaBr6
mp-1111905,K2TlFeF6
mp-1112168,K2TlCuF6
mp-1111969,K2TlCuCl6
mp-1112216,K2TlCuBr6
mp-1111583,K2TlCrF6
mp-1111102,K2TlCoF6
mp-1111584,K2TlBiF6
mp-1112333,K2TlAuI6
mp-1111906,K2TlAuF6
mp-1112414,K2TlAuCl6
mp-1111585,K2TlAuBr6
mp-1111200,K2TlAsI6
mp-1111587,K2TlAsF6
mp-1111588,K2TlAsCl6
mp-1111589,K2TlAsBr6
mp-1112078,K2TlAgI6
mp-1112444,K2TlAgF6
mp-1112081,K2TlAgCl6
mp-1112445,K2TlAgBr6
mp-1111904,K2TiTlF6
mp-1112548,K2TiHgF6
mp-1114279,K2TiCuF6
mp-1111957,K2TiAuF6
mp-1112560,K2TiAgF6
mp-1111991,K2TbCuCl6
mp-1112060,K2TbAuCl6
mp-1112446,K2TbAgCl6
mp-1111566,K2TaTlF6
mp-1112194,K2TaHgF6
mp-1112036,K2TaCuI6
mp-1112217,K2TaCuBr6
mp-1112417,K2TaAuF6
mp-1112080,K2TaAgI6
mp-1112083,K2TaAgCl6
mp-1112085,K2TaAgBr6
mp-1112218,K2SmCuCl6
mp-1112063,K2SmAuCl6
mp-1112087,K2SmAgCl6
mp-1111567,K2ScTlF6
mp-1111134,K2ScTlCl6
mp-1111193,K2ScTlBr6
mp-1112016,K2ScInI6
mp-1112179,K2ScInF6
mp-1112180,K2ScInCl6
mp-1112015,K2ScInBr6
mp-1112029,K2ScHgI6
mp-1111931,K2ScHgF6
mp-1111990,K2ScHgCl6
mp-1111989,K2ScHgBr6
mp-1112539,K2ScCuF6
mp-1112159,K2ScCuCl6
mp-1112062,K2ScAuI6
mp-1112557,K2ScAuF6
mp-1112065,K2ScAuCl6
mp-1111993,K2ScAuBr6
mp-1112086,K2ScAgI6
mp-1112447,K2ScAgF6
mp-1112448,K2ScAgCl6
mp-1111998,K2ScAgBr6
mp-1112064,K2SbAuI6
mp-1111960,K2SbAuF6
mp-1112067,K2SbAuCl6
mp-1112418,K2SbAuBr6
mp-1112419,K2RuAuF6
mp-1112420,K2RhAuF6
mp-1114560,K2RbYI6
mp-1111592,K2RbYF6
mp-1111202,K2RbYCl6
mp-1111201,K2RbYBr6
mp-1111593,K2RbVF6
mp-1111204,K2RbTmCl6
mp-1111908,K2RbTlF6
mp-1111203,K2RbTlBr6
mp-1111594,K2RbTiF6
mp-1111205,K2RbTbCl6
mp-1114553,K2RbTaI6
mp-1111596,K2RbTaF6
mp-1114552,K2RbTaCl6
mp-1114551,K2RbTaBr6
mp-1111114,K2RbScF6
mp-1111207,K2RbScCl6
mp-1111597,K2RbScBr6
mp-1114549,K2RbSbI6
mp-1111124,K2RbSbF6
mp-1111206,K2RbSbCl6
mp-1111210,K2RbSbBr6
mp-1111598,K2RbRuF6
mp-1111909,K2RbRhF6
mp-1114512,K2RbPrI6
mp-1114674,K2RbPrF6
mp-1114546,K2RbPrCl6
mp-1114408,K2RbPrBr6
mp-1111117,K2RbPdF6
mp-1114545,K2RbNdI6
mp-1114353,K2RbNdF6
mp-1114544,K2RbNdCl6
mp-1114407,K2RbNdBr6
mp-1111116,K2RbNbF6
mp-1114406,K2RbMoI6
mp-1111910,K2RbMoF6
mp-1114351,K2RbMoCl6
mp-1114542,K2RbMoBr6
mp-1111911,K2RbMnF6
mp-1111209,K2RbLuCl6
mp-1111912,K2RbIrF6
mp-1111599,K2RbInF6
mp-1111212,K2RbInCl6
mp-1111211,K2RbInBr6
mp-1111214,K2RbGdCl6
mp-1111285,K2RbGaI6
mp-1111144,K2RbGaF6
mp-1111600,K2RbGaCl6
mp-1111213,K2RbGaBr6
mp-1111216,K2RbErCl6
mp-1111215,K2RbDyCl6
mp-1111217,K2RbCrF6
mp-1111601,K2RbCoF6
mp-1114535,K2RbCeI6
mp-1114402,K2RbCeF6
mp-1114534,K2RbCeCl6
mp-1114533,K2RbCeBr6
mp-1114532,K2RbBiI6
mp-1111602,K2RbBiF6
mp-1114531,K2RbBiCl6
mp-1114400,K2RbBiBr6
mp-1111604,K2RbAuF6
mp-1111605,K2RbAuBr6
mp-1111606,K2RbAsI6
mp-1111608,K2RbAsF6
mp-1111913,K2RbAsCl6
mp-1111609,K2RbAsBr6
mp-1111610,K2RbAlI6
mp-1111612,K2RbAlF6
mp-1111613,K2RbAlCl6
mp-1111617,K2RbAlBr6
mp-1112045,K2PrCuI6
mp-1112220,K2PrCuCl6
mp-1112040,K2PrCuBr6
mp-1112421,K2PrAuCl6
mp-1112088,K2PrAgI6
mp-1111962,K2PrAgF6
mp-1112089,K2PrAgCl6
mp-1112092,K2PrAgBr6
mp-1112157,K2NiHgF6
mp-1111941,K2NiAuF6
mp-1112044,K2NdCuI6
mp-1112227,K2NdCuCl6
mp-1112228,K2NdCuBr6
mp-1112422,K2NdAuCl6
mp-1112091,K2NdAgI6
mp-1112454,K2NdAgF6
mp-1112094,K2NdAgCl6
mp-1112455,K2NdAgBr6
mp-1111198,K2NbTlF6
mp-1114284,K2NbHgF6
mp-1114286,K2NbAuF6
mp-1112456,K2NbAgF6
mp-1111220,K2NaYI6
mp-13799,K2NaYF6
mp-1111218,K2NaYCl6
mp-1111219,K2NaYBr6
mp-1080537,K2NaVF6
mp-1111615,K2NaTmCl6
mp-1111222,K2NaTlI6
mp-13798,K2NaTlF6
mp-1111616,K2NaTlCl6
mp-1111915,K2NaTlBr6
mp-1111916,K2NaTiF6
mp-1111622,K2NaTbCl6
mp-1111221,K2NaTaI6
mp-1114170,K2NaTaCl6
mp-1111224,K2NaTaBr6
mp-1111223,K2NaSmCl6
mp-1111618,K2NaScI6
mp-6058,K2NaScF6
mp-1111621,K2NaScCl6
mp-1111649,K2NaScBr6
mp-1111226,K2NaSbI6
mp-1111623,K2NaSbF6
mp-1111624,K2NaSbCl6
mp-1111225,K2NaSbBr6
mp-1114171,K2NaRuF6
mp-14039,K2NaRhF6
mp-1111228,K2NaPrI6
mp-1111101,K2NaPrF6
mp-1111227,K2NaPrCl6
mp-1111230,K2NaPrBr6
mp-1111627,K2NaPdF6
mp-556757,K2NaNiF6
mp-1111630,K2NaNdI6
mp-1111631,K2NaNdF6
mp-1111229,K2NaNdCl6
mp-1111232,K2NaNdBr6
mp-1111104,K2NaNbF6
mp-1111633,K2NaMoI6
mp-556487,K2NaMoF6
mp-1111918,K2NaMoCl6
mp-1111637,K2NaMoBr6
mp-1111638,K2NaMnF6
mp-1111639,K2NaLuCl6
mp-1111919,K2NaIrF6
mp-1111231,K2NaInI6
mp-6686,K2NaInF6
mp-1111128,K2NaInCl6
mp-1111640,K2NaInBr6
mp-1111234,K2NaGdCl6
mp-1111106,K2NaGaF6
mp-1111127,K2NaGaCl6
mp-1111641,K2NaGaBr6
mp-558674,K2NaFeF6
mp-1111646,K2NaEuCl6
mp-1111647,K2NaErCl6
mp-1111648,K2NaDyCl6
mp-1111105,K2NaCoF6
mp-1111233,K2NaCeI6
mp-1111235,K2NaCeCl6
mp-1111237,K2NaCeBr6
mp-1111236,K2NaBiI6
mp-1111650,K2NaBiF6
mp-1111239,K2NaBiCl6
mp-1111238,K2NaBiBr6
mp-1111920,K2NaAuF6
mp-1111241,K2NaAuBr6
mp-1111108,K2NaAsF6
mp-1111651,K2NaAsCl6
mp-1111240,K2NaAsBr6
mp-6586,K2NaAlF6
mp-1111652,K2NaAlCl6
mp-1112423,K2MoAuF6
mp-1111574,K2MnTlF6
mp-1111955,K2MnHgF6
mp-1112424,K2MnAuF6
mp-1112461,K2MnAgF6
mp-1112229,K2LuCuCl6
mp-1112066,K2LuAuCl6
mp-1111986,K2LuAgCl6
mp-1111243,K2LiYI6
mp-1111653,K2LiYF6
mp-1111654,K2LiYCl6
mp-1111656,K2LiYBr6
mp-1111921,K2LiVF6
mp-1111657,K2LiTmCl6
mp-1111658,K2LiTlF6
mp-1111660,K2LiTlCl6
mp-1111242,K2LiTlBr6
mp-1111107,K2LiTiF6
mp-1111130,K2LiTbCl6
mp-1111245,K2LiTaI6
mp-1114155,K2LiTaF6
mp-1114176,K2LiTaCl6
mp-1111922,K2LiTaBr6
mp-1111244,K2LiSmCl6
mp-1111110,K2LiScF6
mp-1111932,K2LiScCl6
mp-1111247,K2LiSbI6
mp-1111662,K2LiSbF6
mp-1111664,K2LiSbCl6
mp-1111246,K2LiSbBr6
mp-1111923,K2LiRuF6
mp-1111665,K2LiRhF6
mp-1111250,K2LiPrI6
mp-1111248,K2LiPrCl6
mp-1111249,K2LiPrBr6
mp-1111924,K2LiPdF6
mp-1111147,K2LiNiF6
mp-1111251,K2LiNdI6
mp-1111925,K2LiNdF6
mp-1111252,K2LiNdCl6
mp-1111255,K2LiNdBr6
mp-1111109,K2LiNbF6
mp-1111254,K2LiMoI6
mp-1111271,K2LiMoF6
mp-1111666,K2LiMoCl6
mp-1111668,K2LiMoBr6
mp-1111670,K2LiMnF6
mp-1111126,K2LiLuCl6
mp-1111257,K2LiLaCl6
mp-1111926,K2LiIrF6
mp-1111671,K2LiInF6
mp-1111672,K2LiInCl6
mp-1111673,K2LiGdCl6
mp-1111112,K2LiGaF6
mp-1114180,K2LiFeF6
mp-1111273,K2LiEuCl6
mp-1111256,K2LiErCl6
mp-1111259,K2LiDyCl6
mp-1111927,K2LiCrF6
mp-1111150,K2LiCoF6
mp-1111674,K2LiCeI6
mp-1111675,K2LiCeCl6
mp-1111138,K2LiCeBr6
mp-1111258,K2LiBiI6
mp-1111676,K2LiBiF6
mp-1111261,K2LiBiCl6
mp-1111268,K2LiBiBr6
mp-1111111,K2LiAuF6
mp-1111678,K2LiAuCl6
mp-1111928,K2LiAsF6
mp-9839,K2LiAlF6
mp-1112230,K2LaCuCl6
mp-1112425,K2LaAuCl6
mp-1112481,K2LaAgCl6
mp-1112426,K2IrAuF6
mp-1112018,K2InSbI6
mp-1112181,K2InSbF6
mp-1112017,K2InSbCl6
mp-1112183,K2InSbBr6
mp-1112031,K2InHgI6
mp-1112199,K2InHgF6
mp-1112200,K2InHgCl6
mp-1112203,K2InHgBr6
mp-1112021,K2InGaI6
mp-1112546,K2InGaF6
mp-1111982,K2InGaCl6
mp-1112184,K2InGaBr6
mp-1114267,K2InCuCl6
mp-1112160,K2InCuBr6
mp-1112547,K2InBiF6
mp-1112439,K2InAuI6
mp-1111944,K2InAuF6
mp-1111983,K2InAuCl6
mp-1112069,K2InAuBr6
mp-1112020,K2InAsI6
mp-1112186,K2InAsF6
mp-1112187,K2InAsCl6
mp-1110640,K2InAsBr6
mp-1112095,K2InAgI6
mp-1112463,K2InAgF6
mp-1111985,K2InAgCl6
mp-1112464,K2InAgBr6
mp-1112197,K2HgSbI6
mp-1112195,K2HgSbF6
mp-1112196,K2HgSbCl6
mp-1112028,K2HgSbBr6
mp-1112198,K2HgRhF6
mp-1111936,K2HgPdF6
mp-1112152,K2HgMoF6
mp-1111958,K2HgIrF6
mp-1112030,K2HgBiI6
mp-1112552,K2HgBiF6
mp-1112033,K2HgBiCl6
mp-1112205,K2HgBiBr6
mp-1111937,K2HgAuF6
mp-1111992,K2HgAuBr6
mp-1112032,K2HgAsI6
mp-1112207,K2HgAsF6
mp-1112212,K2HgAsCl6
mp-1112208,K2HgAsBr6
mp-1112163,K2GdCuCl6
mp-1112068,K2GdAuCl6
mp-1112206,K2GaHgI6
mp-1112549,K2GaHgF6
mp-1111981,K2GaHgCl6
mp-1112204,K2GaHgBr6
mp-1111940,K2GaCuF6
mp-1112071,K2GaAuI6
mp-1112558,K2GaAuF6
mp-1112427,K2GaAuCl6
mp-1112070,K2GaAuBr6
mp-1112466,K2GaAgI6
mp-1112467,K2GaAgF6
mp-1112469,K2GaAgCl6
mp-1112470,K2GaAgBr6
mp-1111935,K2FeHgF6
mp-1111959,K2FeAuF6
mp-1112471,K2FeAgF6
mp-1111984,K2EuCuCl6
mp-1112428,K2EuAuCl6
mp-1112472,K2EuAgCl6
mp-1112164,K2ErCuCl6
mp-1112072,K2ErAuCl6
mp-1112473,K2ErAgCl6
mp-1111994,K2DyCuCl6
mp-1112074,K2DyAuCl6
mp-1112098,K2DyAgCl6
mp-1112035,K2CuSbI6
mp-1112219,K2CuSbCl6
mp-1112037,K2CuSbBr6
mp-1112050,K2CuMoI6
mp-1112047,K2CuMoBr6
mp-1112049,K2CuBiI6
mp-1112238,K2CuBiCl6
mp-1112053,K2CuBiBr6
mp-1112010,K2CuAuF6
mp-1111972,K2CuAuCl6
mp-1114282,K2CuAsF6
mp-1111938,K2CrHgF6
mp-1111939,K2CrCuF6
mp-1111943,K2CrAuF6
mp-1112474,K2CrAgF6
mp-1112550,K2CoHgF6
mp-1112048,K2CeCuI6
mp-1112237,K2CeCuCl6
mp-1112553,K2CeCuBr6
mp-1111996,K2CeAuCl6
mp-1112097,K2CeAgI6
mp-1112099,K2CeAgCl6
mp-1112102,K2CeAgBr6
mp-1112431,K2BiAuF6
mp-1112073,K2BiAuCl6
mp-1111995,K2BiAuBr6
mp-1112432,K2AsAuI6
mp-1112433,K2AsAuF6
mp-1112434,K2AsAuCl6
mp-1112435,K2AsAuBr6
mp-1111199,K2AlTlI6
mp-1111907,K2AlTlF6
mp-1111590,K2AlTlCl6
mp-1111591,K2AlTlBr6
mp-1112023,K2AlInI6
mp-1112188,K2AlInF6
mp-1112189,K2AlInCl6
mp-1112191,K2AlInBr6
mp-1112209,K2AlHgF6
mp-1112210,K2AlHgCl6
mp-1112211,K2AlHgBr6
mp-1112165,K2AlCuF6
mp-1112438,K2AlAuI6
mp-1112559,K2AlAuF6
mp-1112440,K2AlAuCl6
mp-1111999,K2AlAuBr6
mp-1111949,K2AlAgF6
mp-1111973,K2AlAgCl6
mp-1112104,K2AlAgBr6
mp-1112090,K2AgSbI6
mp-1112449,K2AgSbF6
mp-1112450,K2AgSbCl6
mp-1112451,K2AgSbBr6
mp-1112452,K2AgRuF6
mp-1111950,K2AgRhF6
mp-1112453,K2AgPdF6
mp-1112093,K2AgMoI6
mp-1112457,K2AgMoF6
mp-1112458,K2AgMoCl6
mp-1112096,K2AgMoBr6
mp-1112462,K2AgIrF6
mp-1112100,K2AgBiI6
mp-1112476,K2AgBiCl6
mp-1112477,K2AgBiBr6
mp-1112478,K2AgAuF6
mp-1112479,K2AgAuCl6
mp-1112101,K2AgAuBr6
mp-1112561,K2AgAsF6
mp-1112480,K2AgAsCl6
mp-1112001,K2AgAsBr6
mp-1113328,CsRb2YF6
mp-1113330,CsRb2YBr6
mp-1113329,CsRb2VF6
mp-1113352,CsRb2TmCl6
mp-1113286,CsRb2TlF6
mp-1113347,CsRb2TlBr6
mp-1113346,CsRb2TiF6
mp-1113351,CsRb2TbCl6
mp-1113350,CsRb2TaF6
mp-1113609,CsRb2ScF6
mp-1113402,CsRb2ScCl6
mp-1113608,CsRb2ScBr6
mp-1113367,CsRb2SbF6
mp-1113396,CsRb2SbCl6
mp-1112402,CsRb2RhF6
mp-1113366,CsRb2PdF6
mp-1111043,CsRb2NbF6
mp-1113392,CsRb2MoF6
mp-1113391,CsRb2LuCl6
mp-1112401,CsRb2IrF6
mp-989595,CsRb2InF6
mp-1113394,CsRb2InBr6
mp-1113407,CsRb2GdCl6
mp-1111039,CsRb2GaI6
mp-989629,CsRb2GaF6
mp-1113401,CsRb2GaCl6
mp-1113606,CsRb2GaBr6
mp-1112400,CsRb2FeF6
mp-1113406,CsRb2ErCl6
mp-1114139,CsRb2CoF6
mp-1113413,CsRb2BiF6
mp-1113419,CsRb2AuBr6
mp-1113418,CsRb2AsI6
mp-1113427,CsRb2AsF6
mp-1113605,CsRb2AsCl6
mp-1113426,CsRb2AsBr6
mp-1113430,CsRb2AlI6
mp-1111045,CsRb2AlF6
mp-1113400,CsRb2AlCl6
mp-1113429,CsRb2AlBr6
mp-1112240,CsK2YF6
mp-1112254,CsK2VF6
mp-1111971,CsK2TlF6
mp-1112052,CsK2TiF6
mp-1112268,CsK2TaF6
mp-1110639,CsK2ScF6
mp-1112309,CsK2ScCl6
mp-1112270,CsK2SbF6
mp-1112055,CsK2SbCl6
mp-1112554,CsK2RuF6
mp-1112304,CsK2PdF6
mp-1111974,CsK2NbF6
mp-1112308,CsK2MoF6
mp-1112555,CsK2IrF6
mp-1112317,CsK2InF6
mp-1112318,CsK2InCl6
mp-1112556,CsK2GaF6
mp-1112321,CsK2GaCl6
mp-1112322,CsK2AuF6
mp-1112326,CsK2AsF6
mp-1112054,CsK2AsCl6
mp-1112325,CsK2AsBr6
mp-1112057,CsK2AlI6
mp-1114283,CsK2AlF6
mp-1112327,CsK2AlCl6
mp-1112328,CsK2AlBr6
mp-1112156,Cs2YTlI6
mp-1112482,Cs2YTlF6
mp-1112103,Cs2YTlCl6
mp-1112106,Cs2YTlBr6
mp-1112795,Cs2YInI6
mp-1113062,Cs2YInF6
mp-1112628,Cs2YInCl6
mp-1113063,Cs2YInBr6
mp-1112895,Cs2YHgI6
mp-1112607,Cs2YHgF6
mp-1112898,Cs2YHgCl6
mp-1112897,Cs2YHgBr6
mp-1113323,Cs2YCuI6
mp-1112909,Cs2YCuCl6
mp-1113326,Cs2YCuBr6
mp-1112916,Cs2YAuI6
mp-1112919,Cs2YAuCl6
mp-1112918,Cs2YAuBr6
mp-1112931,Cs2YAgI6
mp-1113425,Cs2YAgF6
mp-1113432,Cs2YAgCl6
mp-1112934,Cs2YAgBr6
mp-1112639,Cs2VAgF6
mp-1112615,Cs2TmCuCl6
mp-1113440,Cs2TmAgCl6
mp-557533,Cs2TlVF6
mp-1112105,Cs2TlSbI6
mp-1112563,Cs2TlSbF6
mp-1112003,Cs2TlSbCl6
mp-1112108,Cs2TlSbBr6
mp-1112486,Cs2TlRuF6
mp-1112487,Cs2TlRhF6
mp-1112564,Cs2TlPdF6
mp-1112107,Cs2TlInI6
mp-989537,Cs2TlInF6
mp-1112490,Cs2TlInCl6
mp-996944,Cs2TlInBr6
mp-1113282,Cs2TlHgI6
mp-1113293,Cs2TlHgF6
mp-1113292,Cs2TlHgCl6
mp-1112900,Cs2TlHgBr6
mp-1112110,Cs2TlGaI6
mp-989558,Cs2TlGaF6
mp-1112002,Cs2TlGaCl6
mp-1112492,Cs2TlGaBr6
mp-1112637,Cs2TlCuF6
mp-1113332,Cs2TlCuCl6
mp-1114295,Cs2TlCuBr6
mp-1112495,Cs2TlCrF6
mp-1112565,Cs2TlCoF6
mp-1112501,Cs2TlBiI6
mp-557664,Cs2TlBiF6
mp-1112109,Cs2TlBiCl6
mp-1112498,Cs2TlBiBr6
mp-1113379,Cs2TlAuI6
mp-1112499,Cs2TlAuF6
mp-1113536,Cs2TlAuCl6
mp-1112500,Cs2TlAuBr6
mp-1112544,Cs2TlAsI6
mp-1112503,Cs2TlAsF6
mp-1112502,Cs2TlAsCl6
mp-1112112,Cs2TlAsBr6
mp-1112933,Cs2TlAgI6
mp-1113441,Cs2TlAgF6
mp-1113442,Cs2TlAgCl6
mp-1113444,Cs2TlAgBr6
mp-1113333,Cs2TbCuCl6
mp-1112921,Cs2TbAuCl6
mp-1112937,Cs2TbAgCl6
mp-1112483,Cs2TaTlF6
mp-1112610,Cs2TaHgF6
mp-1113521,Cs2TaCuI6
mp-1113336,Cs2TaCuCl6
mp-1112910,Cs2TaCuBr6
mp-1114296,Cs2TaAuF6
mp-1112935,Cs2TaAgI6
mp-1114070,Cs2TaAgF6
mp-1113447,Cs2TaAgCl6
mp-1112936,Cs2TaAgBr6
mp-1112618,Cs2SmCuCl6
mp-1112920,Cs2SmAuCl6
mp-1112939,Cs2SmAgCl6
mp-1112484,Cs2ScTlI6
mp-1112485,Cs2ScTlF6
mp-1112000,Cs2ScTlCl6
mp-1112493,Cs2ScTlBr6
mp-1113068,Cs2ScInI6
mp-1113518,Cs2ScInF6
mp-1113067,Cs2ScInCl6
mp-1113520,Cs2ScInBr6
mp-1112899,Cs2ScHgI6
mp-1113294,Cs2ScHgCl6
mp-1112630,Cs2ScHgBr6
mp-1112591,Cs2ScCuF6
mp-1113337,Cs2ScCuCl6
mp-1112923,Cs2ScAuI6
mp-1112595,Cs2ScAuF6
mp-1113390,Cs2ScAuCl6
mp-1112631,Cs2ScAuBr6
mp-1112938,Cs2ScAgI6
mp-1113448,Cs2ScAgF6
mp-1112622,Cs2ScAgCl6
mp-1113451,Cs2ScAgBr6
mp-1112922,Cs2SbAuI6
mp-1113525,Cs2SbAuF6
mp-1112926,Cs2SbAuCl6
mp-1113393,Cs2SbAuBr6
mp-1113405,Cs2RuAuF6
mp-1112594,Cs2RhAuF6
mp-1112507,Cs2RbYI6
mp-7886,Cs2RbYF6
mp-1112114,Cs2RbYCl6
mp-1112113,Cs2RbYBr6
mp-1112005,Cs2RbTmCl6
mp-1112510,Cs2RbTlI6
mp-989567,Cs2RbTlF6
mp-1112004,Cs2RbTlCl6
mp-1112116,Cs2RbTlBr6
mp-1112115,Cs2RbTbCl6
mp-1112511,Cs2RbTaF6
mp-1112118,Cs2RbSmCl6
mp-1112117,Cs2RbScI6
mp-1111963,Cs2RbScF6
mp-1112120,Cs2RbScCl6
mp-1112119,Cs2RbScBr6
mp-1112512,Cs2RbSbI6
mp-1112513,Cs2RbSbF6
mp-1112122,Cs2RbSbCl6
mp-1112121,Cs2RbSbBr6
mp-1112166,Cs2RbRuF6
mp-1112124,Cs2RbPrCl6
mp-1112123,Cs2RbNdCl6
mp-1111966,Cs2RbNbF6
mp-1112515,Cs2RbLuCl6
mp-1112126,Cs2RbLaCl6
mp-1111965,Cs2RbIrF6
mp-1112521,Cs2RbInI6
mp-989605,Cs2RbInF6
mp-1112125,Cs2RbInCl6
mp-996941,Cs2RbInBr6
mp-1112516,Cs2RbGdCl6
mp-1112155,Cs2RbGaI6
mp-989618,Cs2RbGaF6
mp-1112517,Cs2RbGaCl6
mp-1112518,Cs2RbGaBr6
mp-1112167,Cs2RbFeF6
mp-1112519,Cs2RbEuCl6
mp-1112127,Cs2RbErCl6
mp-1112130,Cs2RbDyCl6
mp-1112520,Cs2RbCeCl6
mp-1112161,Cs2RbBiI6
mp-559695,Cs2RbBiF6
mp-1112129,Cs2RbBiCl6
mp-1112132,Cs2RbBiBr6
mp-1111977,Cs2RbAuF6
mp-1112523,Cs2RbAuCl6
mp-1112524,Cs2RbAuBr6
mp-1112131,Cs2RbAsI6
mp-1111968,Cs2RbAsF6
mp-1112007,Cs2RbAsCl6
mp-1112134,Cs2RbAsBr6
mp-1112133,Cs2RbAlI6
mp-1112525,Cs2RbAlCl6
mp-1112531,Cs2RbAlBr6
mp-1112913,Cs2PrCuI6
mp-1112617,Cs2PrCuCl6
mp-1113355,Cs2PrCuBr6
mp-1113408,Cs2PrAuCl6
mp-1112942,Cs2PrAgI6
mp-1113453,Cs2PrAgF6
mp-1113459,Cs2PrAgCl6
mp-1112912,Cs2NdCuI6
mp-1113356,Cs2NdCuBr6
mp-1113409,Cs2NdAuCl6
mp-1113461,Cs2NdAgI6
mp-1113462,Cs2NdAgF6
mp-1112945,Cs2NdAgCl6
mp-1112944,Cs2NdAgBr6
mp-1111976,Cs2NbTlF6
mp-1114293,Cs2NbCuF6
mp-1112641,Cs2NbAuF6
mp-1112950,Cs2NbAgF6
mp-1112137,Cs2NaYI6
mp-13925,Cs2NaYF6
mp-23120,Cs2NaYCl6
mp-571467,Cs2NaYBr6
mp-1112567,Cs2NaTmCl6
mp-1112139,Cs2NaTlI6
mp-13800,Cs2NaTlF6
mp-1112527,Cs2NaTlCl6
mp-1112138,Cs2NaTlBr6
mp-568670,Cs2NaTbCl6
mp-1112529,Cs2NaTaI6
mp-1114291,Cs2NaTaF6
mp-1112530,Cs2NaTaCl6
mp-1112532,Cs2NaTaBr6
mp-580541,Cs2NaSmCl6
mp-1112141,Cs2NaScI6
mp-6204,Cs2NaScF6
mp-1111988,Cs2NaScCl6
mp-1112534,Cs2NaScBr6
mp-1112140,Cs2NaSbI6
mp-1112535,Cs2NaSbF6
mp-989514,Cs2NaSbCl6
mp-1112142,Cs2NaSbBr6
mp-1112013,Cs2NaRuF6
mp-1111979,Cs2NaRhF6
mp-1112144,Cs2NaPrI6
mp-1111970,Cs2NaPrF6
mp-1112143,Cs2NaPrCl6
mp-1112146,Cs2NaPrBr6
mp-1111951,Cs2NaNiF6
mp-1111954,Cs2NaNdF6
mp-1112006,Cs2NaNdCl6
mp-1112145,Cs2NaNdBr6
mp-1112148,Cs2NaMoI6
mp-1112537,Cs2NaMoF6
mp-1112538,Cs2NaMoCl6
mp-1112009,Cs2NaMoBr6
mp-554302,Cs2NaMnF6
mp-1112008,Cs2NaLuCl6
mp-1080017,Cs2NaLaCl6
mp-1112014,Cs2NaIrF6
mp-1112149,Cs2NaInI6
mp-13898,Cs2NaInF6
mp-989571,Cs2NaInCl6
mp-996943,Cs2NaInBr6
mp-1112657,Cs2NaGdCl6
mp-1112570,Cs2NaGaF6
mp-1112988,Cs2NaGaCl6
mp-1110642,Cs2NaGaBr6
mp-1112989,Cs2NaEuCl6
mp-580589,Cs2NaErCl6
mp-1112990,Cs2NaDyCl6
mp-1112656,Cs2NaCeI6
mp-1112992,Cs2NaCeF6
mp-1079458,Cs2NaCeCl6
mp-1112660,Cs2NaCeBr6
mp-1112659,Cs2NaBiI6
mp-560790,Cs2NaBiF6
mp-1080041,Cs2NaBiCl6
mp-1112661,Cs2NaBiBr6
mp-1112994,Cs2NaAuCl6
mp-1112621,Cs2NaAuBr6
mp-1112596,Cs2NaAsF6
mp-989608,Cs2NaAsCl6
mp-1112664,Cs2NaAsBr6
mp-1112569,Cs2NaAlF6
mp-1112997,Cs2NaAlCl6
mp-1112588,Cs2MnHgF6
mp-1113542,Cs2LuAgCl6
mp-1112663,Cs2LiYI6
mp-1112573,Cs2LiYF6
mp-567652,Cs2LiYCl6
mp-1112666,Cs2LiYBr6
mp-1112998,Cs2LiTmCl6
mp-989562,Cs2LiTlF6
mp-1112999,Cs2LiTlCl6
mp-1112670,Cs2LiTlBr6
mp-1112669,Cs2LiTbCl6
mp-1113000,Cs2LiTaI6
mp-1113001,Cs2LiTaCl6
mp-1112672,Cs2LiTaBr6
mp-1112671,Cs2LiSmCl6
mp-1113004,Cs2LiScCl6
mp-1112673,Cs2LiSbI6
mp-1113006,Cs2LiSbF6
mp-1112676,Cs2LiSbCl6
mp-1113007,Cs2LiSbBr6
mp-1113008,Cs2LiPrI6
mp-1113009,Cs2LiPrF6
mp-1112674,Cs2LiPrCl6
mp-1112675,Cs2LiPrBr6
mp-1112572,Cs2LiPdF6
mp-1113010,Cs2LiNdI6
mp-1112576,Cs2LiNdF6
mp-1112678,Cs2LiNdCl6
mp-1112679,Cs2LiNdBr6
mp-1112580,Cs2LiNbF6
mp-1113011,Cs2LiMoI6
mp-1113514,Cs2LiMoF6
mp-1113012,Cs2LiMoCl6
mp-1113013,Cs2LiMoBr6
mp-570379,Cs2LiLuCl6
mp-1112681,Cs2LiLaCl6
mp-1113016,Cs2LiInF6
mp-1113017,Cs2LiInCl6
mp-1112624,Cs2LiGdCl6
mp-1113515,Cs2LiEuCl6
mp-1112613,Cs2LiErCl6
mp-1113018,Cs2LiDyCl6
mp-1112680,Cs2LiCeI6
mp-1113019,Cs2LiCeF6
mp-1113020,Cs2LiCeCl6
mp-1112688,Cs2LiCeBr6
mp-1113021,Cs2LiBiI6
mp-1113022,Cs2LiBiF6
mp-1113024,Cs2LiBiCl6
mp-1112682,Cs2LiBiBr6
mp-1112579,Cs2LiAuF6
mp-1113026,Cs2LiAuCl6
mp-1113523,Cs2LaCuCl6
mp-1113410,Cs2LaAuCl6
mp-1113585,Cs2LaAgCl6
mp-1112687,Cs2KYI6
mp-6059,Cs2KYF6
mp-1112690,Cs2KYCl6
mp-1113028,Cs2KYBr6
mp-558895,Cs2KVF6
mp-1112689,Cs2KTmCl6
mp-1112692,Cs2KTlI6
mp-989526,Cs2KTlF6
mp-1113029,Cs2KTlCl6
mp-1113030,Cs2KTlBr6
mp-580631,Cs2KTbCl6
mp-1113031,Cs2KTaI6
mp-1113032,Cs2KTaF6
mp-1112693,Cs2KTaCl6
mp-1112695,Cs2KTaBr6
mp-1079871,Cs2KSmCl6
mp-1112710,Cs2KScI6
mp-571124,Cs2KScCl6
mp-1113047,Cs2KScBr6
mp-1112709,Cs2KSbI6
mp-1112608,Cs2KSbF6
mp-1112716,Cs2KSbCl6
mp-1113034,Cs2KSbBr6
mp-1112583,Cs2KRuF6
mp-561561,Cs2KRhF6
mp-1113035,Cs2KPrI6
mp-1112946,Cs2KPrF6
mp-1112721,Cs2KPrCl6
mp-1112754,Cs2KPrBr6
mp-1113037,Cs2KPdF6
mp-1113039,Cs2KNdI6
mp-1112753,Cs2KNdCl6
mp-1112758,Cs2KNdBr6
mp-1113040,Cs2KMoI6
mp-557133,Cs2KMoF6
mp-1113042,Cs2KMoCl6
mp-1113043,Cs2KMoBr6
mp-561461,Cs2KMnF6
mp-1112760,Cs2KLuCl6
mp-1113044,Cs2KLaCl6
mp-1113045,Cs2KInI6
mp-989639,Cs2KInF6
mp-1112759,Cs2KInCl6
mp-1113046,Cs2KInBr6
mp-1113049,Cs2KGdCl6
mp-1112783,Cs2KGaI6
mp-989531,Cs2KGaF6
mp-1113050,Cs2KGaCl6
mp-1112623,Cs2KGaBr6
mp-579605,Cs2KEuCl6
mp-1113058,Cs2KErCl6
mp-1112785,Cs2KDyCl6
mp-560956,Cs2KCrF6
mp-1112784,Cs2KCeI6
mp-1112635,Cs2KCeF6
mp-1113052,Cs2KCeCl6
mp-1112787,Cs2KCeBr6
mp-1113055,Cs2KBiI6
mp-573204,Cs2KBiF6
mp-1112786,Cs2KBiCl6
mp-1112789,Cs2KBiBr6
mp-1112599,Cs2KAuF6
mp-1112626,Cs2KAuCl6
mp-1112788,Cs2KAuBr6
mp-1112793,Cs2KAsI6
mp-1113517,Cs2KAsF6
mp-1112625,Cs2KAsCl6
mp-1112792,Cs2KAsBr6
mp-1113057,Cs2KAlI6
mp-1113059,Cs2KAlCl6
mp-1113061,Cs2KAlBr6
mp-1113283,Cs2InSbI6
mp-1113091,Cs2InSbF6
mp-1112887,Cs2InSbCl6
mp-1113094,Cs2InSbBr6
mp-1112901,Cs2InHgI6
mp-1112904,Cs2InHgCl6
mp-1113300,Cs2InHgBr6
mp-1113095,Cs2InGaI6
mp-1113099,Cs2InGaF6
mp-1113201,Cs2InGaCl6
mp-1112627,Cs2InGaBr6
mp-1112609,Cs2InCuCl6
mp-1113481,Cs2InCuBr6
mp-1112890,Cs2InBiI6
mp-989538,Cs2InBiF6
mp-1112889,Cs2InBiCl6
mp-1112892,Cs2InBiBr6
mp-1113414,Cs2InAuI6
mp-1112611,Cs2InAuF6
mp-1112620,Cs2InAuCl6
mp-1112924,Cs2InAuBr6
mp-1112891,Cs2InAsI6
mp-1113279,Cs2InAsF6
mp-1112894,Cs2InAsCl6
mp-1112893,Cs2InAsBr6
mp-1113565,Cs2InAgI6
mp-1113588,Cs2InAgF6
mp-1096926,Cs2InAgCl6
mp-1113554,Cs2InAgBr6
mp-1113295,Cs2HgSbI6
mp-1112957,Cs2HgSbF6
mp-1112902,Cs2HgSbCl6
mp-1113296,Cs2HgSbBr6
mp-1112589,Cs2HgPdF6
mp-1113299,Cs2HgMoF6
mp-1112948,Cs2HgIrF6
mp-1113303,Cs2HgBiI6
mp-1113304,Cs2HgBiF6
mp-1112906,Cs2HgBiCl6
mp-1112905,Cs2HgBiBr6
mp-1112640,Cs2HgAuF6
mp-1113305,Cs2HgAuBr6
mp-1112908,Cs2HgAsI6
mp-1112603,Cs2HgAsF6
mp-1112907,Cs2HgAsCl6
mp-1112911,Cs2HgAsBr6
mp-1112633,Cs2GdAuCl6
mp-1113592,Cs2GdAgCl6
mp-1112903,Cs2GaHgI6
mp-1113301,Cs2GaHgCl6
mp-1113302,Cs2GaHgBr6
mp-1113524,Cs2GaCuCl6
mp-1112925,Cs2GaAuI6
mp-1112947,Cs2GaAuF6
mp-1113415,Cs2GaAuCl6
mp-1113416,Cs2GaAuBr6
mp-1113594,Cs2GaAgI6
mp-1113583,Cs2GaAgF6
mp-1113623,Cs2GaAgCl6
mp-1113553,Cs2GaAgBr6
mp-1113361,Cs2EuCuCl6
mp-1113420,Cs2EuAuCl6
mp-1113566,Cs2EuAgCl6
mp-1112917,Cs2ErCuCl6
mp-1112928,Cs2ErAuCl6
mp-1113595,Cs2ErAgCl6
mp-1112958,Cs2DyCuCl6
mp-1112927,Cs2DyAuCl6
mp-1113610,Cs2DyAgCl6
mp-1113353,Cs2CuSbI6
mp-1112956,Cs2CuSbCl6
mp-1113354,Cs2CuSbBr6
mp-1113357,Cs2CuMoI6
mp-1113360,Cs2CuMoCl6
mp-1112914,Cs2CuMoBr6
mp-1113364,Cs2CuBiI6
mp-1113369,Cs2CuBiF6
mp-1113377,Cs2CuBiCl6
mp-1112915,Cs2CuBiBr6
mp-1112959,Cs2CuAuF6
mp-1113490,Cs2CuAuCl6
mp-1112612,Cs2CuAsCl6
mp-1112592,Cs2CrHgF6
mp-1112601,Cs2CoHgF6
mp-1113539,Cs2CoAgF6
mp-1113362,Cs2CeCuI6
mp-1113363,Cs2CeCuCl6
mp-1113567,Cs2CeAgI6
mp-1113538,Cs2CeAgF6
mp-1113570,Cs2CeAgCl6
mp-1113569,Cs2CeAgBr6
mp-1113421,Cs2BiAuI6
mp-1113443,Cs2BiAuCl6
mp-1112930,Cs2BiAuBr6
mp-1112929,Cs2AsAuI6
mp-1113526,Cs2AsAuF6
mp-1112619,Cs2AsAuCl6
mp-1112632,Cs2AsAuBr6
mp-1112111,Cs2AlTlI6
mp-1111952,Cs2AlTlF6
mp-1112505,Cs2AlTlCl6
mp-1112506,Cs2AlTlBr6
mp-1112896,Cs2AlInI6
mp-1112586,Cs2AlInF6
mp-1113280,Cs2AlInCl6
mp-1113281,Cs2AlInBr6
mp-1113308,Cs2AlHgF6
mp-1112616,Cs2AlHgCl6
mp-1112629,Cs2AlHgBr6
mp-1113378,Cs2AlCuCl6
mp-1112932,Cs2AlAuI6
mp-1113422,Cs2AlAuF6
mp-1113423,Cs2AlAuCl6
mp-1113424,Cs2AlAuBr6
mp-1113614,Cs2AlAgF6
mp-1113621,Cs2AlAgCl6
mp-1113577,Cs2AlAgBr6
mp-1112941,Cs2AgSbI6
mp-1112940,Cs2AgSbCl6
mp-1112943,Cs2AgSbBr6
mp-1113468,Cs2AgMoF6
mp-1113480,Cs2AgMoCl6
mp-1113557,Cs2AgMoBr6
mp-1113622,Cs2AgIrF6
mp-1113574,Cs2AgBiI6
mp-1078258,Cs2AgBiCl6
mp-1078250,Cs2AgBiBr6
mp-1113576,Cs2AgAuF6
mp-568448,Cs2AgAuCl6
mp-1113575,Cs2AgAuBr6
mp-1113543,Cs2AgAsCl6
